{"Version":1,"ManifestType":"Publish","Endpoints":[{"Route":"Departamento Financiero.f166wfu93n.styles.css","AssetFile":"Departamento Financiero.styles.css","Selectors":[],"ResponseHeaders":[{"Name":"Accept-Ranges","Value":"bytes"},{"Name":"Cache-Control","Value":"max-age=31536000, immutable"},{"Name":"Content-Length","Value":"1757"},{"Name":"Content-Type","Value":"text/css"},{"Name":"ETag","Value":"\"7b8Ud5HUe8/xcIZltzjoKTmkll7ULgC5YXqf+PVxv7M=\""},{"Name":"Last-Modified","Value":"Tue, 16 Dec 2025 12:40:48 GMT"}],"EndpointProperties":[{"Name":"fingerprint","Value":"f166wfu93n"},{"Name":"integrity","Value":"sha256-7b8Ud5HUe8/xcIZltzjoKTmkll7ULgC5YXqf+PVxv7M="},{"Name":"label","Value":"Departamento Financiero.styles.css"}]},{"Route":"Departamento Financiero.styles.css","AssetFile":"Departamento Financiero.styles.css","Selectors":[],"ResponseHeaders":[{"Name":"Accept-Ranges","Value":"bytes"},{"Name":"Cache-Control","Value":"no-cache"},{"Name":"Content-Length","Value":"1757"},{"Name":"Content-Type","Value":"text/css"},{"Name":"ETag","Value":"\"7b8Ud5HUe8/xcIZltzjoKTmkll7ULgC5YXqf+PVxv7M=\""},{"Name":"Last-Modified","Value":"Tue, 16 Dec 2025 12:40:48 GMT"}],"EndpointProperties":[{"Name":"integrity","Value":"sha256-7b8Ud5HUe8/xcIZltzjoKTmkll7ULgC5YXqf+PVxv7M="}]},{"Route":"Images/bankflowpro-logo.7ubzvw9u9x.png","AssetFile":"Images/bankflowpro-logo.png","Selectors":[],"ResponseHeaders":[{"Name":"Accept-Ranges","Value":"bytes"},{"Name":"Cache-Control","Value":"max-age=31536000, immutable"},{"Name":"Content-Length","Value":"1157014"},{"Name":"Content-Type","Value":"image/png"},{"Name":"ETag","Value":"\"rzUY31C4Bntv4+3+Ik5ceyOed2VMOc5h0kRKhC9+Zy0=\""},{"Name":"Last-Modified","Value":"Mon, 27 Oct 2025 14:59:21 GMT"}],"EndpointProperties":[{"Name":"fingerprint","Value":"7ubzvw9u9x"},{"Name":"integrity","Value":"sha256-rzUY31C4Bntv4+3+Ik5ceyOed2VMOc5h0kRKhC9+Zy0="},{"Name":"label","Value":"Images/bankflowpro-logo.png"}]},{"Route":"Images/bankflowpro-logo.png","AssetFile":"Images/bankflowpro-logo.png","Selectors":[],"ResponseHeaders":[{"Name":"Accept-Ranges","Value":"bytes"},{"Name":"Cache-Control","Value":"no-cache"},{"Name":"Content-Length","Value":"1157014"},{"Name":"Content-Type","Value":"image/png"},{"Name":"ETag","Value":"\"rzUY31C4Bntv4+3+Ik5ceyOed2VMOc5h0kRKhC9+Zy0=\""},{"Name":"Last-Modified","Value":"Mon, 27 Oct 2025 14:59:21 GMT"}],"EndpointProperties":[{"Name":"integrity","Value":"sha256-rzUY31C4Bntv4+3+Ik5ceyOed2VMOc5h0kRKhC9+Zy0="}]},{"Route":"Images/icon-contabilidad.j87l2lfe99.png","AssetFile":"Images/icon-contabilidad.png","Selectors":[],"ResponseHeaders":[{"Name":"Accept-Ranges","Value":"bytes"},{"Name":"Cache-Control","Value":"max-age=31536000, immutable"},{"Name":"Content-Length","Value":"279829"},{"Name":"Content-Type","Value":"image/png"},{"Name":"ETag","Value":"\"4z0IPowkTzZXU31RR6UCELGDMvIleSE6oHChLVvG3G0=\""},{"Name":"Last-Modified","Value":"Mon, 03 Nov 2025 11:23:41 GMT"}],"EndpointProperties":[{"Name":"fingerprint","Value":"j87l2lfe99"},{"Name":"integrity","Value":"sha256-4z0IPowkTzZXU31RR6UCELGDMvIleSE6oHChLVvG3G0="},{"Name":"label","Value":"Images/icon-contabilidad.png"}]},{"Route":"Images/icon-contabilidad.png","AssetFile":"Images/icon-contabilidad.png","Selectors":[],"ResponseHeaders":[{"Name":"Accept-Ranges","Value":"bytes"},{"Name":"Cache-Control","Value":"no-cache"},{"Name":"Content-Length","Value":"279829"},{"Name":"Content-Type","Value":"image/png"},{"Name":"ETag","Value":"\"4z0IPowkTzZXU31RR6UCELGDMvIleSE6oHChLVvG3G0=\""},{"Name":"Last-Modified","Value":"Mon, 03 Nov 2025 11:23:41 GMT"}],"EndpointProperties":[{"Name":"integrity","Value":"sha256-4z0IPowkTzZXU31RR6UCELGDMvIleSE6oHChLVvG3G0="}]},{"Route":"Images/icon-facturacion.20jyn8n09t.png","AssetFile":"Images/icon-facturacion.png","Selectors":[],"ResponseHeaders":[{"Name":"Accept-Ranges","Value":"bytes"},{"Name":"Cache-Control","Value":"max-age=31536000, immutable"},{"Name":"Content-Length","Value":"128284"},{"Name":"Content-Type","Value":"image/png"},{"Name":"ETag","Value":"\"spsCr+3/LRR+qJ+w8ULRpIxi1zFYt4KWW8tBalCZ5u8=\""},{"Name":"Last-Modified","Value":"Mon, 03 Nov 2025 11:47:42 GMT"}],"EndpointProperties":[{"Name":"fingerprint","Value":"20jyn8n09t"},{"Name":"integrity","Value":"sha256-spsCr+3/LRR+qJ+w8ULRpIxi1zFYt4KWW8tBalCZ5u8="},{"Name":"label","Value":"Images/icon-facturacion.png"}]},{"Route":"Images/icon-facturacion.png","AssetFile":"Images/icon-facturacion.png","Selectors":[],"ResponseHeaders":[{"Name":"Accept-Ranges","Value":"bytes"},{"Name":"Cache-Control","Value":"no-cache"},{"Name":"Content-Length","Value":"128284"},{"Name":"Content-Type","Value":"image/png"},{"Name":"ETag","Value":"\"spsCr+3/LRR+qJ+w8ULRpIxi1zFYt4KWW8tBalCZ5u8=\""},{"Name":"Last-Modified","Value":"Mon, 03 Nov 2025 11:47:42 GMT"}],"EndpointProperties":[{"Name":"integrity","Value":"sha256-spsCr+3/LRR+qJ+w8ULRpIxi1zFYt4KWW8tBalCZ5u8="}]},{"Route":"Images/icono-departamento-financier.png","AssetFile":"Images/icono-departamento-financier.png","Selectors":[],"ResponseHeaders":[{"Name":"Accept-Ranges","Value":"bytes"},{"Name":"Cache-Control","Value":"no-cache"},{"Name":"Content-Length","Value":"105159"},{"Name":"Content-Type","Value":"image/png"},{"Name":"ETag","Value":"\"M+QxWy2OAE2b0K5AQuQReaZMqu620gQQuL1heFfX9v0=\""},{"Name":"Last-Modified","Value":"Mon, 03 Nov 2025 12:54:16 GMT"}],"EndpointProperties":[{"Name":"integrity","Value":"sha256-M+QxWy2OAE2b0K5AQuQReaZMqu620gQQuL1heFfX9v0="}]},{"Route":"Images/icono-departamento-financier.xrm2ohgl8r.png","AssetFile":"Images/icono-departamento-financier.png","Selectors":[],"ResponseHeaders":[{"Name":"Accept-Ranges","Value":"bytes"},{"Name":"Cache-Control","Value":"max-age=31536000, immutable"},{"Name":"Content-Length","Value":"105159"},{"Name":"Content-Type","Value":"image/png"},{"Name":"ETag","Value":"\"M+QxWy2OAE2b0K5AQuQReaZMqu620gQQuL1heFfX9v0=\""},{"Name":"Last-Modified","Value":"Mon, 03 Nov 2025 12:54:16 GMT"}],"EndpointProperties":[{"Name":"fingerprint","Value":"xrm2ohgl8r"},{"Name":"integrity","Value":"sha256-M+QxWy2OAE2b0K5AQuQReaZMqu620gQQuL1heFfX9v0="},{"Name":"label","Value":"Images/icono-departamento-financier.png"}]},{"Route":"Images/momentum-logo.gd6jmstgy2.png","AssetFile":"Images/momentum-logo.png","Selectors":[],"ResponseHeaders":[{"Name":"Accept-Ranges","Value":"bytes"},{"Name":"Cache-Control","Value":"max-age=31536000, immutable"},{"Name":"Content-Length","Value":"392141"},{"Name":"Content-Type","Value":"image/png"},{"Name":"ETag","Value":"\"/MKBTGFAdHqTBBmK/ejCLDeOHp8f1mfSId0snlvUFdg=\""},{"Name":"Last-Modified","Value":"Tue, 21 Oct 2025 10:44:35 GMT"}],"EndpointProperties":[{"Name":"fingerprint","Value":"gd6jmstgy2"},{"Name":"integrity","Value":"sha256-/MKBTGFAdHqTBBmK/ejCLDeOHp8f1mfSId0snlvUFdg="},{"Name":"label","Value":"Images/momentum-logo.png"}]},{"Route":"Images/momentum-logo.png","AssetFile":"Images/momentum-logo.png","Selectors":[],"ResponseHeaders":[{"Name":"Accept-Ranges","Value":"bytes"},{"Name":"Cache-Control","Value":"no-cache"},{"Name":"Content-Length","Value":"392141"},{"Name":"Content-Type","Value":"image/png"},{"Name":"ETag","Value":"\"/MKBTGFAdHqTBBmK/ejCLDeOHp8f1mfSId0snlvUFdg=\""},{"Name":"Last-Modified","Value":"Tue, 21 Oct 2025 10:44:35 GMT"}],"EndpointProperties":[{"Name":"integrity","Value":"sha256-/MKBTGFAdHqTBBmK/ejCLDeOHp8f1mfSId0snlvUFdg="}]},{"Route":"Images/pdf_logo.4n0h78h7c7.png","AssetFile":"Images/pdf_logo.png","Selectors":[],"ResponseHeaders":[{"Name":"Accept-Ranges","Value":"bytes"},{"Name":"Cache-Control","Value":"max-age=31536000, immutable"},{"Name":"Content-Length","Value":"1186298"},{"Name":"Content-Type","Value":"image/png"},{"Name":"ETag","Value":"\"gHTQ2ueSoSpN+oC4Q8gkhwk34089y4IA+iGBHGXg7Ac=\""},{"Name":"Last-Modified","Value":"Mon, 27 Oct 2025 16:42:22 GMT"}],"EndpointProperties":[{"Name":"fingerprint","Value":"4n0h78h7c7"},{"Name":"integrity","Value":"sha256-gHTQ2ueSoSpN+oC4Q8gkhwk34089y4IA+iGBHGXg7Ac="},{"Name":"label","Value":"Images/pdf_logo.png"}]},{"Route":"Images/pdf_logo.png","AssetFile":"Images/pdf_logo.png","Selectors":[],"ResponseHeaders":[{"Name":"Accept-Ranges","Value":"bytes"},{"Name":"Cache-Control","Value":"no-cache"},{"Name":"Content-Length","Value":"1186298"},{"Name":"Content-Type","Value":"image/png"},{"Name":"ETag","Value":"\"gHTQ2ueSoSpN+oC4Q8gkhwk34089y4IA+iGBHGXg7Ac=\""},{"Name":"Last-Modified","Value":"Mon, 27 Oct 2025 16:42:22 GMT"}],"EndpointProperties":[{"Name":"integrity","Value":"sha256-gHTQ2ueSoSpN+oC4Q8gkhwk34089y4IA+iGBHGXg7Ac="}]},{"Route":"Images/prinex_logo.11h0qqhg5o.png","AssetFile":"Images/prinex_logo.png","Selectors":[],"ResponseHeaders":[{"Name":"Accept-Ranges","Value":"bytes"},{"Name":"Cache-Control","Value":"max-age=31536000, immutable"},{"Name":"Content-Length","Value":"161710"},{"Name":"Content-Type","Value":"image/png"},{"Name":"ETag","Value":"\"y5f35PKwdkLq2las11wAXlol6vsRl+hj3eWJ3hwJ7BI=\""},{"Name":"Last-Modified","Value":"Wed, 29 Oct 2025 12:39:34 GMT"}],"EndpointProperties":[{"Name":"fingerprint","Value":"11h0qqhg5o"},{"Name":"integrity","Value":"sha256-y5f35PKwdkLq2las11wAXlol6vsRl+hj3eWJ3hwJ7BI="},{"Name":"label","Value":"Images/prinex_logo.png"}]},{"Route":"Images/prinex_logo.png","AssetFile":"Images/prinex_logo.png","Selectors":[],"ResponseHeaders":[{"Name":"Accept-Ranges","Value":"bytes"},{"Name":"Cache-Control","Value":"no-cache"},{"Name":"Content-Length","Value":"161710"},{"Name":"Content-Type","Value":"image/png"},{"Name":"ETag","Value":"\"y5f35PKwdkLq2las11wAXlol6vsRl+hj3eWJ3hwJ7BI=\""},{"Name":"Last-Modified","Value":"Wed, 29 Oct 2025 12:39:34 GMT"}],"EndpointProperties":[{"Name":"integrity","Value":"sha256-y5f35PKwdkLq2las11wAXlol6vsRl+hj3eWJ3hwJ7BI="}]},{"Route":"css/app.css","AssetFile":"css/app.css","Selectors":[],"ResponseHeaders":[{"Name":"Accept-Ranges","Value":"bytes"},{"Name":"Cache-Control","Value":"no-cache"},{"Name":"Content-Length","Value":"26207"},{"Name":"Content-Type","Value":"text/css"},{"Name":"ETag","Value":"\"e6QQrkD+mUz7s6qdHd3vfdftWS5pfFiJGiaLIRwJFVc=\""},{"Name":"Last-Modified","Value":"Wed, 03 Dec 2025 17:52:26 GMT"}],"EndpointProperties":[{"Name":"integrity","Value":"sha256-e6QQrkD+mUz7s6qdHd3vfdftWS5pfFiJGiaLIRwJFVc="}]},{"Route":"css/app.p3s9p77vq8.css","AssetFile":"css/app.css","Selectors":[],"ResponseHeaders":[{"Name":"Accept-Ranges","Value":"bytes"},{"Name":"Cache-Control","Value":"max-age=31536000, immutable"},{"Name":"Content-Length","Value":"26207"},{"Name":"Content-Type","Value":"text/css"},{"Name":"ETag","Value":"\"e6QQrkD+mUz7s6qdHd3vfdftWS5pfFiJGiaLIRwJFVc=\""},{"Name":"Last-Modified","Value":"Wed, 03 Dec 2025 17:52:26 GMT"}],"EndpointProperties":[{"Name":"fingerprint","Value":"p3s9p77vq8"},{"Name":"integrity","Value":"sha256-e6QQrkD+mUz7s6qdHd3vfdftWS5pfFiJGiaLIRwJFVc="},{"Name":"label","Value":"css/app.css"}]},{"Route":"css/bootstrap/bootstrap.min.86r3b3qcor.css","AssetFile":"css/bootstrap/bootstrap.min.css","Selectors":[],"ResponseHeaders":[{"Name":"Accept-Ranges","Value":"bytes"},{"Name":"Cache-Control","Value":"max-age=31536000, immutable"},{"Name":"Content-Length","Value":"189338"},{"Name":"Content-Type","Value":"text/css"},{"Name":"ETag","Value":"\"sNycXftuIEfqjoKva3Sjk/SA93AZDs5w2Vs1/nF5ZJU=\""},{"Name":"Last-Modified","Value":"Tue, 25 Nov 2025 16:03:03 GMT"}],"EndpointProperties":[{"Name":"fingerprint","Value":"86r3b3qcor"},{"Name":"integrity","Value":"sha256-sNycXftuIEfqjoKva3Sjk/SA93AZDs5w2Vs1/nF5ZJU="},{"Name":"label","Value":"css/bootstrap/bootstrap.min.css"}]},{"Route":"css/bootstrap/bootstrap.min.css","AssetFile":"css/bootstrap/bootstrap.min.css","Selectors":[],"ResponseHeaders":[{"Name":"Accept-Ranges","Value":"bytes"},{"Name":"Cache-Control","Value":"no-cache"},{"Name":"Content-Length","Value":"189338"},{"Name":"Content-Type","Value":"text/css"},{"Name":"ETag","Value":"\"sNycXftuIEfqjoKva3Sjk/SA93AZDs5w2Vs1/nF5ZJU=\""},{"Name":"Last-Modified","Value":"Tue, 25 Nov 2025 16:03:03 GMT"}],"EndpointProperties":[{"Name":"integrity","Value":"sha256-sNycXftuIEfqjoKva3Sjk/SA93AZDs5w2Vs1/nF5ZJU="}]},{"Route":"css/bootstrap/bootstrap.min.css.map","AssetFile":"css/bootstrap/bootstrap.min.css.map","Selectors":[],"ResponseHeaders":[{"Name":"Accept-Ranges","Value":"bytes"},{"Name":"Cache-Control","Value":"no-cache"},{"Name":"Content-Length","Value":"449108"},{"Name":"Content-Type","Value":"text/plain"},{"Name":"ETag","Value":"\"OkWPnCimLVgBiWWfs7SoiJ5Yf+s9nTVmpUsnsOiDhOI=\""},{"Name":"Last-Modified","Value":"Wed, 26 Nov 2025 09:13:38 GMT"}],"EndpointProperties":[{"Name":"integrity","Value":"sha256-OkWPnCimLVgBiWWfs7SoiJ5Yf+s9nTVmpUsnsOiDhOI="}]},{"Route":"css/bootstrap/bootstrap.min.css.mlvhntwq89.map","AssetFile":"css/bootstrap/bootstrap.min.css.map","Selectors":[],"ResponseHeaders":[{"Name":"Accept-Ranges","Value":"bytes"},{"Name":"Cache-Control","Value":"max-age=31536000, immutable"},{"Name":"Content-Length","Value":"449108"},{"Name":"Content-Type","Value":"text/plain"},{"Name":"ETag","Value":"\"OkWPnCimLVgBiWWfs7SoiJ5Yf+s9nTVmpUsnsOiDhOI=\""},{"Name":"Last-Modified","Value":"Wed, 26 Nov 2025 09:13:38 GMT"}],"EndpointProperties":[{"Name":"fingerprint","Value":"mlvhntwq89"},{"Name":"integrity","Value":"sha256-OkWPnCimLVgBiWWfs7SoiJ5Yf+s9nTVmpUsnsOiDhOI="},{"Name":"label","Value":"css/bootstrap/bootstrap.min.css.map"}]},{"Route":"css/theme.scss","AssetFile":"css/theme.scss","Selectors":[],"ResponseHeaders":[{"Name":"Accept-Ranges","Value":"bytes"},{"Name":"Cache-Control","Value":"no-cache"},{"Name":"Content-Length","Value":"3768"},{"Name":"Content-Type","Value":"application/octet-stream"},{"Name":"ETag","Value":"\"oOrgRIvdwAdNA+/D4dA4kxeJg8PerOM72ReV/hJHAQo=\""},{"Name":"Last-Modified","Value":"Tue, 25 Nov 2025 15:21:19 GMT"}],"EndpointProperties":[{"Name":"integrity","Value":"sha256-oOrgRIvdwAdNA+/D4dA4kxeJg8PerOM72ReV/hJHAQo="}]},{"Route":"css/theme.w4fcr6obat.scss","AssetFile":"css/theme.scss","Selectors":[],"ResponseHeaders":[{"Name":"Accept-Ranges","Value":"bytes"},{"Name":"Cache-Control","Value":"max-age=31536000, immutable"},{"Name":"Content-Length","Value":"3768"},{"Name":"Content-Type","Value":"application/octet-stream"},{"Name":"ETag","Value":"\"oOrgRIvdwAdNA+/D4dA4kxeJg8PerOM72ReV/hJHAQo=\""},{"Name":"Last-Modified","Value":"Tue, 25 Nov 2025 15:21:19 GMT"}],"EndpointProperties":[{"Name":"fingerprint","Value":"w4fcr6obat"},{"Name":"integrity","Value":"sha256-oOrgRIvdwAdNA+/D4dA4kxeJg8PerOM72ReV/hJHAQo="},{"Name":"label","Value":"css/theme.scss"}]},{"Route":"download.js","AssetFile":"download.js","Selectors":[],"ResponseHeaders":[{"Name":"Accept-Ranges","Value":"bytes"},{"Name":"Cache-Control","Value":"no-cache"},{"Name":"Content-Length","Value":"789"},{"Name":"Content-Type","Value":"text/javascript"},{"Name":"ETag","Value":"\"+syU5Y8ljo1p7yYULRWR+8J2LwwTLMhboOP8Y7Emd4k=\""},{"Name":"Last-Modified","Value":"Wed, 26 Nov 2025 09:41:41 GMT"}],"EndpointProperties":[{"Name":"integrity","Value":"sha256-+syU5Y8ljo1p7yYULRWR+8J2LwwTLMhboOP8Y7Emd4k="}]},{"Route":"download.mdd5mhwxkr.js","AssetFile":"download.js","Selectors":[],"ResponseHeaders":[{"Name":"Accept-Ranges","Value":"bytes"},{"Name":"Cache-Control","Value":"max-age=31536000, immutable"},{"Name":"Content-Length","Value":"789"},{"Name":"Content-Type","Value":"text/javascript"},{"Name":"ETag","Value":"\"+syU5Y8ljo1p7yYULRWR+8J2LwwTLMhboOP8Y7Emd4k=\""},{"Name":"Last-Modified","Value":"Wed, 26 Nov 2025 09:41:41 GMT"}],"EndpointProperties":[{"Name":"fingerprint","Value":"mdd5mhwxkr"},{"Name":"integrity","Value":"sha256-+syU5Y8ljo1p7yYULRWR+8J2LwwTLMhboOP8Y7Emd4k="},{"Name":"label","Value":"download.js"}]},{"Route":"favicon.ifv42okdf2.png","AssetFile":"favicon.png","Selectors":[],"ResponseHeaders":[{"Name":"Accept-Ranges","Value":"bytes"},{"Name":"Cache-Control","Value":"max-age=31536000, immutable"},{"Name":"Content-Length","Value":"1148"},{"Name":"Content-Type","Value":"image/png"},{"Name":"ETag","Value":"\"4mWsDy3aHl36ZbGt8zByK7Pvd4kRUoNgTYzRnwmPHwg=\""},{"Name":"Last-Modified","Value":"Tue, 14 Oct 2025 14:35:50 GMT"}],"EndpointProperties":[{"Name":"fingerprint","Value":"ifv42okdf2"},{"Name":"integrity","Value":"sha256-4mWsDy3aHl36ZbGt8zByK7Pvd4kRUoNgTYzRnwmPHwg="},{"Name":"label","Value":"favicon.png"}]},{"Route":"favicon.png","AssetFile":"favicon.png","Selectors":[],"ResponseHeaders":[{"Name":"Accept-Ranges","Value":"bytes"},{"Name":"Cache-Control","Value":"no-cache"},{"Name":"Content-Length","Value":"1148"},{"Name":"Content-Type","Value":"image/png"},{"Name":"ETag","Value":"\"4mWsDy3aHl36ZbGt8zByK7Pvd4kRUoNgTYzRnwmPHwg=\""},{"Name":"Last-Modified","Value":"Tue, 14 Oct 2025 14:35:50 GMT"}],"EndpointProperties":[{"Name":"integrity","Value":"sha256-4mWsDy3aHl36ZbGt8zByK7Pvd4kRUoNgTYzRnwmPHwg="}]},{"Route":"icon-192.f9uvjujlxy.png","AssetFile":"icon-192.png","Selectors":[],"ResponseHeaders":[{"Name":"Accept-Ranges","Value":"bytes"},{"Name":"Cache-Control","Value":"max-age=31536000, immutable"},{"Name":"Content-Length","Value":"2626"},{"Name":"Content-Type","Value":"image/png"},{"Name":"ETag","Value":"\"DbpQaq68ZSb5IoPosBErM1QWBfsbTxpJqhU0REi6wP4=\""},{"Name":"Last-Modified","Value":"Tue, 14 Oct 2025 14:35:50 GMT"}],"EndpointProperties":[{"Name":"fingerprint","Value":"f9uvjujlxy"},{"Name":"integrity","Value":"sha256-DbpQaq68ZSb5IoPosBErM1QWBfsbTxpJqhU0REi6wP4="},{"Name":"label","Value":"icon-192.png"}]},{"Route":"icon-192.png","AssetFile":"icon-192.png","Selectors":[],"ResponseHeaders":[{"Name":"Accept-Ranges","Value":"bytes"},{"Name":"Cache-Control","Value":"no-cache"},{"Name":"Content-Length","Value":"2626"},{"Name":"Content-Type","Value":"image/png"},{"Name":"ETag","Value":"\"DbpQaq68ZSb5IoPosBErM1QWBfsbTxpJqhU0REi6wP4=\""},{"Name":"Last-Modified","Value":"Tue, 14 Oct 2025 14:35:50 GMT"}],"EndpointProperties":[{"Name":"integrity","Value":"sha256-DbpQaq68ZSb5IoPosBErM1QWBfsbTxpJqhU0REi6wP4="}]},{"Route":"sample-data/weather.iag0ou56lh.json","AssetFile":"sample-data/weather.json","Selectors":[],"ResponseHeaders":[{"Name":"Accept-Ranges","Value":"bytes"},{"Name":"Cache-Control","Value":"max-age=31536000, immutable"},{"Name":"Content-Length","Value":"453"},{"Name":"Content-Type","Value":"application/json"},{"Name":"ETag","Value":"\"enKgCMkYmCpfEcmg6Annbmc40VZ/A6aYYSQjZfVn2cU=\""},{"Name":"Last-Modified","Value":"Tue, 14 Oct 2025 14:35:50 GMT"}],"EndpointProperties":[{"Name":"fingerprint","Value":"iag0ou56lh"},{"Name":"integrity","Value":"sha256-enKgCMkYmCpfEcmg6Annbmc40VZ/A6aYYSQjZfVn2cU="},{"Name":"label","Value":"sample-data/weather.json"}]},{"Route":"sample-data/weather.json","AssetFile":"sample-data/weather.json","Selectors":[],"ResponseHeaders":[{"Name":"Accept-Ranges","Value":"bytes"},{"Name":"Cache-Control","Value":"no-cache"},{"Name":"Content-Length","Value":"453"},{"Name":"Content-Type","Value":"application/json"},{"Name":"ETag","Value":"\"enKgCMkYmCpfEcmg6Annbmc40VZ/A6aYYSQjZfVn2cU=\""},{"Name":"Last-Modified","Value":"Tue, 14 Oct 2025 14:35:50 GMT"}],"EndpointProperties":[{"Name":"integrity","Value":"sha256-enKgCMkYmCpfEcmg6Annbmc40VZ/A6aYYSQjZfVn2cU="}]}]}