{
  "hotel": "HOTEL VILLA ODON",
  "hotel villa": "HOTEL VILLA ODON",
  "hotel villa odon": "HOTEL VILLA ODON",
  "node": "NODE PROPERTY MANAGEMENT SPAIN, S.L.",
  "node property": "NODE PROPERTY MANAGEMENT SPAIN, S.L.",
  "node property management": "NODE PROPERTY MANAGEMENT SPAIN, S.L.",
  "node property management spain": "NODE PROPERTY MANAGEMENT SPAIN, S.L.",
  "acsa": "ACSA OBRAS E INFRAESTRUCTURAS, S.A.U.",
  "acsa obras": "ACSA OBRAS E INFRAESTRUCTURAS, S.A.U.",
  "acsa obras e": "ACSA OBRAS E INFRAESTRUCTURAS, S.A.U.",
  "acsa obras e infraestructuras": "ACSA OBRAS E INFRAESTRUCTURAS, S.A.U.",
  "uve valoraciones": "UVE VALORACIONES, S.A.",
  "uve valoraciones s": "UVE VALORACIONES, S.A.",
  "uve valoraciones s a": "UVE VALORACIONES, S.A.",
  "hcp arquitectos": "HCP ARQUITECTOS Y URBANISTAS SLP",
  "hcp arquitectos y": "HCP ARQUITECTOS Y URBANISTAS SLP",
  "hcp arquitectos y urbanistas": "HCP ARQUITECTOS Y URBANISTAS SLP",
  "momentum": "MOMENTUM REIM CARTERA, S.L.",
  "momentum arquitectura": "MOMENTUM ARQUITECTURA S.L.",
  "momentum arquitectura s": "MOMENTUM ARQUITECTURA S.L.",
  "momentum arquitectura s l": "MOMENTUM ARQUITECTURA S.L.",
  "momentum gestion": "MOMENTUM GESTION DE COOPERATIVAS S.L.",
  "momentum gestion de": "MOMENTUM GESTION DE COOPERATIVAS S.L.",
  "momentum gestion de cooperativas": "MOMENTUM GESTION DE COOPERATIVAS S.L.",
  "momentum real": "MOMENTUM REAL ESTATE S.L.",
  "momentum real estate": "MOMENTUM REAL ESTATE S.L.",
  "momentum real estate s": "MOMENTUM REAL ESTATE S.L.",
  "maretra": "MARETRA S.L.",
  "maretra s": "MARETRA S.L.",
  "maretra s l": "MARETRA S.L.",
  "bivaltasa": "BIVALTASA GLOVAL ENGINEERING S.L",
  "bivaltasa gloval": "BIVALTASA GLOVAL ENGINEERING S.L",
  "bivaltasa gloval engineering": "BIVALTASA GLOVAL ENGINEERING S.L",
  "bivaltasa gloval engineering s": "BIVALTASA GLOVAL ENGINEERING S.L",
  "gesvalt": "GESVALT SOCIEDAD DE TASACION S.A.",
  "gesvalt sociedad": "GESVALT SOCIEDAD DE TASACION S.A.",
  "gesvalt sociedad de": "GESVALT SOCIEDAD DE TASACION S.A.",
  "gesvalt sociedad de tasacion": "GESVALT SOCIEDAD DE TASACION S.A.",
  "fabrica": "FABRICA NACIONAL MONEDA Y TIMBRE",
  "fabrica nacional": "FABRICA NACIONAL MONEDA Y TIMBRE",
  "fabrica nacional moneda": "FABRICA NACIONAL MONEDA Y TIMBRE",
  "fabrica nacional moneda y": "FABRICA NACIONAL MONEDA Y TIMBRE",
  "tecnisondeos": "TECNISONDEOS S.COOP.AND.",
  "tecnisondeos s": "TECNISONDEOS S.COOP.AND.",
  "tecnisondeos s coop": "TECNISONDEOS S.COOP.AND.",
  "tecnisondeos s coop and": "TECNISONDEOS S.COOP.AND.",
  "ferrovial": "FERROVIAL CONSTRUCCION S.A.",
  "ferrovial construccion": "FERROVIAL CONSTRUCCION S.A.",
  "ferrovial construccion s": "FERROVIAL CONSTRUCCION S.A.",
  "ferrovial construccion s a": "FERROVIAL CONSTRUCCION S.A.",
  "arcadis": "ARCADIS ESPAÑA DESING & CONSULTANCY S.L.",
  "arcadis españa": "ARCADIS ESPAÑA DESING & CONSULTANCY S.L.",
  "arcadis españa desing": "ARCADIS ESPAÑA DESING & CONSULTANCY S.L.",
  "arcadis españa desing consultancy": "ARCADIS ESPAÑA DESING & CONSULTANCY S.L.",
  "construcciones": "CONSTRUCCIONES AMENABAR, S.A.",
  "construcciones amenabar": "CONSTRUCCIONES AMENABAR, S.A.",
  "construcciones amenabar s": "CONSTRUCCIONES AMENABAR, S.A.",
  "construcciones amenabar s a": "CONSTRUCCIONES AMENABAR, S.A.",
  "st consultores": "ST Consultores Inmobiliarios, SL",
  "st consultores inmobiliarios": "ST Consultores Inmobiliarios, SL",
  "st consultores inmobiliarios sl": "ST Consultores Inmobiliarios, SL",
  "traviata": "TRAVIATA ITG S.L.",
  "traviata itg": "TRAVIATA ITG S.L.",
  "traviata itg s": "TRAVIATA ITG S.L.",
  "traviata itg s l": "TRAVIATA ITG S.L.",
  "jones": "Jones Lang LaSalle España, S.A.",
  "jones lang": "Jones Lang LaSalle España, S.A.",
  "jones lang lasalle": "Jones Lang LaSalle España, S.A.",
  "jones lang lasalle españa": "Jones Lang LaSalle España, S.A.",
  "boletin": "BOLETIN OFICIAL DEL ESTADO",
  "boletin oficial": "BOLETIN OFICIAL DEL ESTADO",
  "boletin oficial del": "BOLETIN OFICIAL DEL ESTADO",
  "boletin oficial del estado": "BOLETIN OFICIAL DEL ESTADO",
  "registro": "REGISTRO MERCANTIL CENTRAL SECCION DENOM",
  "registro mercantil": "REGISTRO MERCANTIL CENTRAL SECCION DENOM",
  "registro mercantil de": "REGISTRO MERCANTIL DE VALENCIA",
  "registro mercantil de madrid": "REGISTRO MERCANTIL DE MADRID",
  "avintia": "AVINTIA PROYECTOS Y CONSTRUCCIONES S.L.",
  "avintia proyectos": "AVINTIA PROYECTOS Y CONSTRUCCIONES S.L.",
  "avintia proyectos y": "AVINTIA PROYECTOS Y CONSTRUCCIONES S.L.",
  "avintia proyectos y construcciones": "AVINTIA PROYECTOS Y CONSTRUCCIONES S.L.",
  "csc corporate": "CSC CORPORATE SERVICES (SPAIN)S.L",
  "csc corporate services": "CSC CORPORATE SERVICES (SPAIN)S.L",
  "csc corporate services spain": "CSC CORPORATE SERVICES (SPAIN)S.L",
  "carlos": "CARLOS PEREZ RAMOS",
  "carlos perez": "CARLOS PEREZ RAMOS",
  "carlos perez ramos": "CARLOS PEREZ RAMOS",
  "aon iberia": "AON IBERIA CORREDURÍA DE SEGUROS Y REASE",
  "aon iberia correduría": "AON IBERIA CORREDURÍA DE SEGUROS Y REASE",
  "aon iberia correduría de": "AON IBERIA CORREDURÍA DE SEGUROS Y REASE",
  "valerio": "VALERIO PEREZ DE MADRID CARRERAS",
  "valerio perez": "VALERIO PEREZ DE MADRID CARRERAS",
  "valerio perez de": "VALERIO PEREZ DE MADRID CARRERAS",
  "valerio perez de madrid": "VALERIO PEREZ DE MADRID CARRERAS",
  "shebel": "SHEBEL CONSULTORIA Y SERVICIOS S.L.U.",
  "shebel consultoria": "SHEBEL CONSULTORIA Y SERVICIOS S.L.U.",
  "shebel consultoria y": "SHEBEL CONSULTORIA Y SERVICIOS S.L.U.",
  "shebel consultoria y servicios": "SHEBEL CONSULTORIA Y SERVICIOS S.L.U.",
  "gerencia": "GERENCIA MUNICIPAL DE URBANISMO MALAGA",
  "gerencia municipal": "GERENCIA MUNICIPAL DE URBANISMO MALAGA",
  "gerencia municipal de": "GERENCIA MUNICIPAL DE URBANISMO MALAGA",
  "gerencia municipal de urbanismo": "GERENCIA MUNICIPAL DE URBANISMO MALAGA",
  "ayuntamiento": "AYUNTAMIENTO DE VALENCIA",
  "ayuntamiento torremolinos": "AYUNTAMIENTO TORREMOLINOS",
  "oca inspeccion": "OCA INSPECCION,CONTRO Y PREVENCION SAU",
  "oca inspeccion contro": "OCA INSPECCION,CONTRO Y PREVENCION SAU",
  "oca inspeccion contro y": "OCA INSPECCION,CONTRO Y PREVENCION SAU",
  "sareb": "SAREB",
  "kommis": "KOMMIS ESTUDI S.L",
  "kommis estudi": "KOMMIS ESTUDI S.L",
  "kommis estudi s": "KOMMIS ESTUDI S.L",
  "kommis estudi s l": "KOMMIS ESTUDI S.L",
  "idealista": "IDEALISTA S.A.U.",
  "idealista s": "IDEALISTA S.A.U.",
  "idealista s a": "IDEALISTA S.A.U.",
  "idealista s a u": "IDEALISTA S.A.U.",
  "arco": "ARCO PUBLICIDAD EXTERIOR S.L.",
  "arco publicidad": "ARCO PUBLICIDAD EXTERIOR S.L.",
  "arco publicidad exterior": "ARCO PUBLICIDAD EXTERIOR S.L.",
  "arco publicidad exterior s": "ARCO PUBLICIDAD EXTERIOR S.L.",
  "mayer": "Mayer Brown International LLP",
  "mayer brown": "Mayer Brown International LLP",
  "mayer brown international": "Mayer Brown International LLP",
  "mayer brown international llp": "Mayer Brown International LLP",
  "nacho": "NACHO SABATINI SANCHIS",
  "nacho sabatini": "NACHO SABATINI SANCHIS",
  "nacho sabatini sanchis": "NACHO SABATINI SANCHIS",
  "momentum picasso": "MOMENTUM PICASSO S.L.",
  "momentum picasso s": "MOMENTUM PICASSO S.L.",
  "momentum picasso s l": "MOMENTUM PICASSO S.L.",
  "urbania": "URBANIA LAMATRA II, S.L.",
  "urbania lamatra": "URBANIA LAMATRA II, S.L.",
  "urbania lamatra ii": "URBANIA LAMATRA II, S.L.",
  "urbania lamatra ii s": "URBANIA LAMATRA II, S.L.",
  "cuatrecasas": "CUATRECASAS LEGAL, S.L.P",
  "cuatrecasas legal": "CUATRECASAS LEGAL, S.L.P",
  "cuatrecasas legal s": "CUATRECASAS LEGAL, S.L.P",
  "cuatrecasas legal s l": "CUATRECASAS LEGAL, S.L.P",
  "solutus": "SOLUTUS Advisors Ltd",
  "solutus advisors": "SOLUTUS Advisors Ltd",
  "solutus advisors ltd": "SOLUTUS Advisors Ltd",
  "abc arquitectura": "ABC ARQUITECTURA MODULAR S.L.",
  "abc arquitectura modular": "ABC ARQUITECTURA MODULAR S.L.",
  "abc arquitectura modular s": "ABC ARQUITECTURA MODULAR S.L.",
  "cofradia": "COFRADIA DESENDIMIENTO",
  "cofradia desendimiento": "COFRADIA DESENDIMIENTO",
  "junta": "JUNTA COMPESACION MONTE DE LA VILLA",
  "junta compesacion": "JUNTA COMPESACION MONTE DE LA VILLA",
  "junta compesacion monte": "JUNTA COMPESACION MONTE DE LA VILLA",
  "junta compesacion monte de": "JUNTA COMPESACION MONTE DE LA VILLA",
  "silvia": "SILVIA GARCÍA CABALLERO",
  "silvia torralba": "SILVIA TORRALBA ZARAGOZA",
  "silvia torralba zaragoza": "SILVIA TORRALBA ZARAGOZA",
  "agencia": "AGENCIA TRIBUTARIA DE MADRID",
  "agencia tributaria": "AGENCIA TRIBUTARIA DE MADRID",
  "agencia tributaria valencia": "AGENCIA TRIBUTARIA VALENCIA",
  "anticipa": "ANTICIPA GRUPO LEVANTE SL",
  "anticipa grupo": "ANTICIPA GRUPO LEVANTE SL",
  "anticipa grupo levante": "ANTICIPA GRUPO LEVANTE SL",
  "anticipa grupo levante sl": "ANTICIPA GRUPO LEVANTE SL",
  "servicios": "SERVICIOS PROFESIONALES DE SUSCRIPCION",
  "servicios profesionales": "SERVICIOS PROFESIONALES DE SUSCRIPCION",
  "servicios profesionales de": "SERVICIOS PROFESIONALES DE SUSCRIPCION",
  "servicios profesionales de suscripcion": "SERVICIOS PROFESIONALES DE SUSCRIPCION",
  "javier": "JAVIER OYANARTE GALLEGO",
  "javier oyanarte": "JAVIER OYANARTE GALLEGO",
  "javier oyanarte gallego": "JAVIER OYANARTE GALLEGO",
  "tauw": "TAUW Iberia S.A.W",
  "tauw iberia": "TAUW Iberia S.A.W",
  "tauw iberia s": "TAUW Iberia S.A.W",
  "tauw iberia s a": "TAUW Iberia S.A.W",
  "notaria": "NOTARIA SERRANO 30, C.B.",
  "notaria serrano": "NOTARIA SERRANO 30, C.B.",
  "notaria serrano 58": "NOTARIA SERRANO 58",
  "dalux": "DALUX SPAIN S.L.",
  "dalux spain": "DALUX SPAIN S.L.",
  "dalux spain s": "DALUX SPAIN S.L.",
  "dalux spain s l": "DALUX SPAIN S.L.",
  "hispano": "HISPANO ASESORES S.L",
  "hispano asesores": "HISPANO ASESORES S.L",
  "hispano asesores s": "HISPANO ASESORES S.L",
  "hispano asesores s l": "HISPANO ASESORES S.L",
  "jose": "JOSE L. BANACLOIG ZAHONERO",
  "jose castaño": "JOSE CASTAÑO CASANOVA",
  "jose castaño casanova": "JOSE CASTAÑO CASANOVA",
  "agencia tributaria de": "AGENCIA TRIBUTARIA DE MADRID",
  "agencia tributaria de andalucia": "AGENCIA TRIBUTARIA DE ANDALUCIA",
  "juan": "JUAN FRANCISCO RUIZ- RICO MARQUEZ",
  "juan francisco": "JUAN FRANCISCO RUIZ- RICO MARQUEZ",
  "juan francisco ruiz": "JUAN FRANCISCO RUIZ- RICO MARQUEZ",
  "juan francisco ruiz rico": "JUAN FRANCISCO RUIZ- RICO MARQUEZ",
  "aguas": "AGUAS Y SANEAMIENTOS DE TORREMOLINOS SA",
  "aguas y": "AGUAS Y SANEAMIENTOS DE TORREMOLINOS SA",
  "aguas y saneamientos": "AGUAS Y SANEAMIENTOS DE TORREMOLINOS SA",
  "aguas y saneamientos de": "AGUAS Y SANEAMIENTOS DE TORREMOLINOS SA",
  "ashurst": "ASHURST",
  "urbanizadora": "URBANIZADORA NORTESUR S.L.",
  "urbanizadora nortesur": "URBANIZADORA NORTESUR S.L.",
  "urbanizadora nortesur s": "URBANIZADORA NORTESUR S.L.",
  "urbanizadora nortesur s l": "URBANIZADORA NORTESUR S.L.",
  "corporacion": "CORPORACION Q2K SUELO E INVERSION, SL",
  "corporacion q2k": "CORPORACION Q2K SUELO E INVERSION, SL",
  "corporacion q2k s": "CORPORACION Q2K S.L.",
  "corporacion q2k s l": "CORPORACION Q2K S.L.",
  "forte": "FORTE Y SAEZ COMUNICACION GRAFICA S.L.",
  "forte y": "FORTE Y SAEZ COMUNICACION GRAFICA S.L.",
  "forte y saez": "FORTE Y SAEZ COMUNICACION GRAFICA S.L.",
  "forte y saez comunicacion": "FORTE Y SAEZ COMUNICACION GRAFICA S.L.",
  "inte": "INTE INGENIEROS SLP",
  "inte proyectos": "INTE PROYECTOS E INSTALACIONES",
  "inte proyectos e": "INTE PROYECTOS E INSTALACIONES",
  "inte proyectos e instalaciones": "INTE PROYECTOS E INSTALACIONES",
  "bsp servicios": "BSP SERVICIOS DE CONSULTORIA TECNICA",
  "bsp servicios de": "BSP SERVICIOS DE CONSULTORIA TECNICA",
  "bsp servicios de consultoria": "BSP SERVICIOS DE CONSULTORIA TECNICA",
  "ilustre": "ILUSTRE AYUNTAMIENTO DE BARAKALDO",
  "ilustre ayuntamiento": "ILUSTRE AYUNTAMIENTO DE BARAKALDO",
  "ilustre ayuntamiento de": "ILUSTRE AYUNTAMIENTO DE BARAKALDO",
  "ilustre ayuntamiento de barakaldo": "ILUSTRE AYUNTAMIENTO DE BARAKALDO",
  "ayuntamiento de": "AYUNTAMIENTO DE VALENCIA",
  "ayuntamiento de cabanillas": "AYUNTAMIENTO DE CABANILLAS DEL CAMPO",
  "ayuntamiento de cabanillas del": "AYUNTAMIENTO DE CABANILLAS DEL CAMPO",
  "ask 4": "ASK 4 INTERNET SERVICES",
  "ask 4 internet": "ASK 4 INTERNET SERVICES",
  "ask 4 internet services": "ASK 4 INTERNET SERVICES",
  "iberdrola": "IBERDROLA CLIENTES S.A.U.",
  "iberdrola clientes": "IBERDROLA CLIENTES S.A.U.",
  "iberdrola clientes s": "IBERDROLA CLIENTES S.A.U.",
  "iberdrola clientes s a": "IBERDROLA CLIENTES S.A.U.",
  "perpiña": "PERPIÑA PROYECTOS S.L.",
  "perpiña proyectos": "PERPIÑA PROYECTOS S.L.",
  "perpiña proyectos s": "PERPIÑA PROYECTOS S.L.",
  "perpiña proyectos s l": "PERPIÑA PROYECTOS S.L.",
  "addient": "ADDIENT EMPRESA CERTIFICADORA, SLU",
  "addient empresa": "ADDIENT EMPRESA CERTIFICADORA, SLU",
  "addient empresa certificadora": "ADDIENT EMPRESA CERTIFICADORA, SLU",
  "addient empresa certificadora slu": "ADDIENT EMPRESA CERTIFICADORA, SLU",
  "momentum velazquez": "MOMENTUM VELAZQUEZ SL",
  "momentum velazquez sl": "MOMENTUM VELAZQUEZ SL",
  "registro mercantil cental": "REGISTRO MERCANTIL CENTAL SEC.DENOM.",
  "registro mercantil cental sec": "REGISTRO MERCANTIL CENTAL SEC.DENOM.",
  "metrovacesa": "METROVACESA",
  "oak studio": "OAK STUDIO SL",
  "oak studio sl": "OAK STUDIO SL",
  "persuadis": "PERSUADIS PUBLICIDAD",
  "persuadis publicidad": "PERSUADIS PUBLICIDAD",
  "asefa": "ASEFA, SMA SA, Sucursal en España.",
  "asefa sma": "ASEFA, SMA SA, Sucursal en España.",
  "asefa sma sa": "ASEFA, SMA SA, Sucursal en España.",
  "asefa sma sa sucursal": "ASEFA, SMA SA, Sucursal en España.",
  "margarida": "MARGARIDA ACUSTICA",
  "margarida acustica": "MARGARIDA ACUSTICA",
  "terraconsult": "TERRACONSULT GEOTECNIA S.L.",
  "terraconsult geotecnia": "TERRACONSULT GEOTECNIA S.L.",
  "terraconsult geotecnia s": "TERRACONSULT GEOTECNIA S.L.",
  "terraconsult geotecnia s l": "TERRACONSULT GEOTECNIA S.L.",
  "ajuntament": "AJUNTAMENT DE SANTCUGAT",
  "ajuntament de": "AJUNTAMENT DE SANTCUGAT",
  "ajuntament de santcugat": "AJUNTAMENT DE SANTCUGAT",
  "licencias": "LICENCIAS Y CERTIFICACIONES DE MADRID S.",
  "licencias y": "LICENCIAS Y CERTIFICACIONES DE MADRID S.",
  "licencias y certificaciones": "LICENCIAS Y CERTIFICACIONES DE MADRID S.",
  "licencias y certificaciones de": "LICENCIAS Y CERTIFICACIONES DE MADRID S.",
  "valladares": "VALLADARES INGENIERIA S.L.",
  "valladares ingenieria": "VALLADARES INGENIERIA S.L.",
  "valladares ingenieria s": "VALLADARES INGENIERIA S.L.",
  "valladares ingenieria s l": "VALLADARES INGENIERIA S.L.",
  "ana maria": "ANA MARIA SABATER MATAIX",
  "ana maria sabater": "ANA MARIA SABATER MATAIX",
  "ana maria sabater mataix": "ANA MARIA SABATER MATAIX",
  "ayuntamiento de la": "AYUNTAMIENTO DE LA POBLA DE VALLBONA",
  "ayuntamiento de la pobla": "AYUNTAMIENTO DE LA POBLA DE VALLBONA",
  "wsp spain": "WSP SPAIN-APIA S.A.U.",
  "wsp spain apia": "WSP SPAIN-APIA S.A.U.",
  "wsp spain apia s": "WSP SPAIN-APIA S.A.U.",
  "silvia garcía": "SILVIA GARCÍA CABALLERO",
  "silvia garcía caballero": "SILVIA GARCÍA CABALLERO",
  "botany": "BOTANY BAY ASSET MANAGEMENT, SL",
  "botany bay": "BOTANY BAY ASSET MANAGEMENT, SL",
  "botany bay asset": "BOTANY BAY ASSET MANAGEMENT, SL",
  "botany bay asset management": "BOTANY BAY ASSET MANAGEMENT, SL",
  "excmo": "EXCMO. AYUNTAMIENTO DE MALAGA",
  "excmo ayuntamiento": "EXCMO. AYUNTAMIENTO DE MALAGA",
  "excmo ayuntamiento de": "EXCMO. AYUNTAMIENTO DE MALAGA",
  "excmo ayuntamiento de malaga": "EXCMO. AYUNTAMIENTO DE MALAGA",
  "estudio": "ESTUDIO INGENIERIA INGITEP S.L.",
  "estudio ingenieria": "ESTUDIO INGENIERIA INGITEP S.L.",
  "estudio ingenieria ingitep": "ESTUDIO INGENIERIA INGITEP S.L.",
  "estudio ingenieria ingitep s": "ESTUDIO INGENIERIA INGITEP S.L.",
  "sgs tecnos": "SGS Tecnos, S.A.",
  "sgs tecnos s": "SGS Tecnos, S.A.",
  "sgs tecnos s a": "SGS Tecnos, S.A.",
  "arthur": "ARTHUR J GALLAGHER NORDIC AB",
  "arthur j": "ARTHUR J GALLAGHER NORDIC AB",
  "arthur j gallagher": "ARTHUR J GALLAGHER NORDIC AB",
  "arthur j gallagher nordic": "ARTHUR J GALLAGHER NORDIC AB",
  "comunidad": "COMUNIDAD DE MADRID",
  "comunidad de": "COMUNIDAD DE MADRID",
  "comunidad de madrid": "COMUNIDAD DE MADRID",
  "ayuntamiento de madrid": "AYUNTAMIENTO DE MADRID",
  "control": "CONTROL TECNICO Y PREVENCION DE RIESGOS",
  "control tecnico": "CONTROL TECNICO Y PREVENCION DE RIESGOS",
  "control tecnico y": "CONTROL TECNICO Y PREVENCION DE RIESGOS",
  "control tecnico y prevencion": "CONTROL TECNICO Y PREVENCION DE RIESGOS",
  "fgh auditores": "FGH AUDITORES",
  "notaria serrano 30": "NOTARIA SERRANO 30, C.B.",
  "notaria serrano 30 c": "NOTARIA SERRANO 30, C.B.",
  "chatham": "CHATHAM FINANCIAL EUROPE LTD",
  "chatham financial": "CHATHAM FINANCIAL EUROPE LTD",
  "chatham financial europe": "CHATHAM FINANCIAL EUROPE LTD",
  "chatham financial europe ltd": "CHATHAM FINANCIAL EUROPE LTD",
  "diputación": "DIPUTACIÓN BARCELONA- OGT",
  "diputación barcelona": "DIPUTACIÓN BARCELONA- OGT",
  "diputación barcelona ogt": "DIPUTACIÓN BARCELONA- OGT",
  "asset": "ASSET KEEPER MANAGEMENT S.L.P.",
  "asset keeper": "ASSET KEEPER MANAGEMENT S.L.P.",
  "asset keeper management": "ASSET KEEPER MANAGEMENT S.L.P.",
  "asset keeper management s": "ASSET KEEPER MANAGEMENT S.L.P.",
  "diputacion": "DIPUTACION DE GUADALAJARA",
  "diputacion de": "DIPUTACION DE GUADALAJARA",
  "diputacion de guadalajara": "DIPUTACION DE GUADALAJARA",
  "agencia tributaria de madrid": "AGENCIA TRIBUTARIA DE MADRID",
  "druwaith": "DRUWAITH SL",
  "druwaith sl": "DRUWAITH SL",
  "terraverde": "TERRAVERDE SERVICIOS INTEGRALES",
  "terraverde servicios": "TERRAVERDE SERVICIOS INTEGRALES",
  "terraverde servicios integrales": "TERRAVERDE SERVICIOS INTEGRALES",
  "patronato": "PATRONATO RECAUDICION PROV. DIP. MALAGA",
  "patronato recaudicion": "PATRONATO RECAUDICION PROV. DIP. MALAGA",
  "patronato recaudicion prov": "PATRONATO RECAUDICION PROV. DIP. MALAGA",
  "patronato recaudicion prov dip": "PATRONATO RECAUDICION PROV. DIP. MALAGA",
  "herecu": "HERECU S.L.",
  "herecu s": "HERECU S.L.",
  "herecu s l": "HERECU S.L.",
  "intercontrol": "INTERCONTROL LEVANTE, S.A.",
  "intercontrol levante": "INTERCONTROL LEVANTE, S.A.",
  "intercontrol levante s": "INTERCONTROL LEVANTE, S.A.",
  "intercontrol levante s a": "INTERCONTROL LEVANTE, S.A.",
  "dordio": "DORDIO ASSOCIATES, SL",
  "dordio associates": "DORDIO ASSOCIATES, SL",
  "dordio associates sl": "DORDIO ASSOCIATES, SL",
  "gestión": "GESTIÓN INMOBILIARIA TENDETES, S.L.",
  "gestión gurtubay": "GESTIÓN GURTUBAY, S.L.",
  "gestión gurtubay s": "GESTIÓN GURTUBAY, S.L.",
  "gestión gurtubay s l": "GESTIÓN GURTUBAY, S.L.",
  "carbon": "Carbon.Climate.Certified",
  "carbon climate": "Carbon.Climate.Certified",
  "carbon climate certified": "Carbon.Climate.Certified",
  "tasaciones": "Tasaciones Hipotecarias, S.A.U.",
  "tasaciones hipotecarias": "Tasaciones Hipotecarias, S.A.U.",
  "tasaciones hipotecarias s": "Tasaciones Hipotecarias, S.A.U.",
  "tasaciones hipotecarias s a": "Tasaciones Hipotecarias, S.A.U.",
  "in tech": "In Tech Risk Management GmbH",
  "in tech risk": "In Tech Risk Management GmbH",
  "in tech risk management": "In Tech Risk Management GmbH",
  "cohispania": "COHISPANIA S.A",
  "cohispania s": "COHISPANIA S.A",
  "cohispania s a": "COHISPANIA S.A",
  "baker": "BAKER TILLY AUDITORES S.L.P.",
  "baker tilly": "BAKER TILLY AUDITORES S.L.P.",
  "baker tilly auditores": "BAKER TILLY AUDITORES S.L.P.",
  "baker tilly auditores s": "BAKER TILLY AUDITORES S.L.P.",
  "maria": "MARIA ROSA NAVAS ALVAREZ",
  "maria victoria": "MARIA VICTORIA TENAJAS LÓPEZ",
  "maria victoria tenajas": "MARIA VICTORIA TENAJAS LÓPEZ",
  "maria victoria tenajas lópez": "MARIA VICTORIA TENAJAS LÓPEZ",
  "colegio": "COLEGIO OFICIAL DE APAREJ.YARQ. bizkaia",
  "colegio de": "COLEGIO DE REGISTRADORES DE ESPAÑA",
  "colegio de registradores": "COLEGIO DE REGISTRADORES DE ESPAÑA",
  "colegio de registradores de": "COLEGIO DE REGISTRADORES DE ESPAÑA",
  "vicente": "VICENTE JUAN ESCRIVÁ RUBIO",
  "vicente juan": "VICENTE JUAN ESCRIVÁ RUBIO",
  "vicente juan escrivá": "VICENTE JUAN ESCRIVÁ RUBIO",
  "vicente juan escrivá rubio": "VICENTE JUAN ESCRIVÁ RUBIO",
  "gestión inmobiliaria": "GESTIÓN INMOBILIARIA TENDETES, S.L.",
  "gestión inmobiliaria tendetes": "GESTIÓN INMOBILIARIA TENDETES, S.L.",
  "gestión inmobiliaria tendetes s": "GESTIÓN INMOBILIARIA TENDETES, S.L.",
  "omp estudio": "OMP ESTUDIO SCP",
  "omp estudio scp": "OMP ESTUDIO SCP",
  "xatelite": "XATELITE IDEAS Y TECNOLOGIA S.L",
  "xatelite ideas": "XATELITE IDEAS Y TECNOLOGIA S.L",
  "xatelite ideas y": "XATELITE IDEAS Y TECNOLOGIA S.L",
  "xatelite ideas y tecnologia": "XATELITE IDEAS Y TECNOLOGIA S.L",
  "belsan": "BELSAN GESTION PATRIMONIAL S.L.",
  "belsan gestion": "BELSAN GESTION PATRIMONIAL S.L.",
  "belsan gestion patrimonial": "BELSAN GESTION PATRIMONIAL S.L.",
  "belsan gestion patrimonial s": "BELSAN GESTION PATRIMONIAL S.L.",
  "registro mercantil de valencia": "REGISTRO MERCANTIL DE VALENCIA",
  "ayuntamiento de valencia": "AYUNTAMIENTO DE VALENCIA",
  "gloval": "GLOVAL VALUATION S.A.",
  "gloval valuation": "GLOVAL VALUATION S.A.",
  "gloval valuation s": "GLOVAL VALUATION S.A.",
  "gloval valuation s a": "GLOVAL VALUATION S.A.",
  "momentum reim": "MOMENTUM REIM CARTERA, S.L.",
  "momentum reim cartera": "MOMENTUM REIM CARTERA, S.L.",
  "momentum reim cartera s": "MOMENTUM REIM CARTERA, S.L.",
  "notarios": "NOTARIOS SERRANO 41,",
  "notarios serrano": "NOTARIOS SERRANO 41,",
  "notarios serrano 41": "NOTARIOS SERRANO 41,",
  "registro mercantil central": "REGISTRO MERCANTIL CENTRAL SECCION DENOM",
  "registro mercantil central seccion": "REGISTRO MERCANTIL CENTRAL SECCION DENOM",
  "aerofoto": "AEROFOTO IMAGEN CORPORATIVA SL",
  "aerofoto imagen": "AEROFOTO IMAGEN CORPORATIVA SL",
  "aerofoto imagen corporativa": "AEROFOTO IMAGEN CORPORATIVA SL",
  "aerofoto imagen corporativa sl": "AEROFOTO IMAGEN CORPORATIVA SL",
  "corporacion q2k suelo": "CORPORACION Q2K SUELO E INVERSION, SL",
  "corporacion q2k suelo e": "CORPORACION Q2K SUELO E INVERSION, SL",
  "milenium": "MILENIUM PROJECT HOUSE, SL",
  "milenium phone": "MILENIUM PHONE COMUNICACIONES S.L.",
  "milenium phone comunicaciones": "MILENIUM PHONE COMUNICACIONES S.L.",
  "milenium phone comunicaciones s": "MILENIUM PHONE COMUNICACIONES S.L.",
  "milenium project": "MILENIUM PROJECT HOUSE, SL",
  "milenium project house": "MILENIUM PROJECT HOUSE, SL",
  "milenium project house sl": "MILENIUM PROJECT HOUSE, SL",
  "ultraval": "ULTRAVAL CONSULTING SL",
  "ultraval consulting": "ULTRAVAL CONSULTING SL",
  "ultraval consulting sl": "ULTRAVAL CONSULTING SL",
  "formalización": "FORMALIZACIÓN Y GESTIÓN S.L.",
  "formalización y": "FORMALIZACIÓN Y GESTIÓN S.L.",
  "formalización y gestión": "FORMALIZACIÓN Y GESTIÓN S.L.",
  "formalización y gestión s": "FORMALIZACIÓN Y GESTIÓN S.L.",
  "eurocontrol": "EUROCONTROL S.A.",
  "eurocontrol s": "EUROCONTROL S.A.",
  "eurocontrol s a": "EUROCONTROL S.A.",
  "francisca": "FRANCISCA RUBIO GÓMEZ",
  "francisca rubio": "FRANCISCA RUBIO GÓMEZ",
  "francisca rubio gómez": "FRANCISCA RUBIO GÓMEZ",
  "jose l": "JOSE L. BANACLOIG ZAHONERO",
  "jose l banacloig": "JOSE L. BANACLOIG ZAHONERO",
  "jose l banacloig zahonero": "JOSE L. BANACLOIG ZAHONERO",
  "movistar": "MOVISTAR PROSEGUR ALARMAS, S.L.",
  "movistar prosegur": "MOVISTAR PROSEGUR ALARMAS, S.L.",
  "movistar prosegur alarmas": "MOVISTAR PROSEGUR ALARMAS, S.L.",
  "movistar prosegur alarmas s": "MOVISTAR PROSEGUR ALARMAS, S.L.",
  "baldo": "BALDO TRINQUET SL",
  "baldo trinquet": "BALDO TRINQUET SL",
  "baldo trinquet sl": "BALDO TRINQUET SL",
  "maria emilia": "MARIA EMILIA ADAN GARCIA",
  "maria emilia adan": "MARIA EMILIA ADAN GARCIA",
  "maria emilia adan garcia": "MARIA EMILIA ADAN GARCIA",
  "deerns": "DEERNS, S.L.",
  "deerns s": "DEERNS, S.L.",
  "deerns s l": "DEERNS, S.L.",
  "caixabank": "CAIXABANK S.A.",
  "caixabank s": "CAIXABANK S.A.",
  "caixabank s a": "CAIXABANK S.A.",
  "colegio oficial": "COLEGIO OFICIAL DE APAREJ.YARQ. bizkaia",
  "colegio oficial de": "COLEGIO OFICIAL DE APAREJ.YARQ. bizkaia",
  "colegio oficial de aparej": "COLEGIO OFICIAL DE APAREJ.YARQ. bizkaia",
  "ambisalud": "AMBISALUD CALIDAD AMBIENTAL, S.L.",
  "ambisalud calidad": "AMBISALUD CALIDAD AMBIENTAL, S.L.",
  "ambisalud calidad ambiental": "AMBISALUD CALIDAD AMBIENTAL, S.L.",
  "ambisalud calidad ambiental s": "AMBISALUD CALIDAD AMBIENTAL, S.L.",
  "ignacio": "IGNACIO DEL RIO GARCIA DE SOLA",
  "ignacio del": "IGNACIO DEL RIO GARCIA DE SOLA",
  "ignacio del rio": "IGNACIO DEL RIO GARCIA DE SOLA",
  "ignacio del rio garcia": "IGNACIO DEL RIO GARCIA DE SOLA",
  "consorcio": "CONSORCIO DE AGUAS DE BILBAO",
  "consorcio de": "CONSORCIO DE AGUAS DE BILBAO",
  "consorcio de aguas": "CONSORCIO DE AGUAS DE BILBAO",
  "consorcio de aguas de": "CONSORCIO DE AGUAS DE BILBAO",
  "german": "GERMAN BARBIER GAMINDE",
  "german barbier": "GERMAN BARBIER GAMINDE",
  "german barbier gaminde": "GERMAN BARBIER GAMINDE",
  "canalizaciones": "CANALIZACIONES Y DERRIBOS SAFOR S.L.",
  "canalizaciones y": "CANALIZACIONES Y DERRIBOS SAFOR S.L.",
  "canalizaciones y derribos": "CANALIZACIONES Y DERRIBOS SAFOR S.L.",
  "canalizaciones y derribos safor": "CANALIZACIONES Y DERRIBOS SAFOR S.L.",
  "activitats": "ACTIVITATS ARQUITECTONIQUES S.L.P",
  "activitats arquitectoniques": "ACTIVITATS ARQUITECTONIQUES S.L.P",
  "activitats arquitectoniques s": "ACTIVITATS ARQUITECTONIQUES S.L.P",
  "activitats arquitectoniques s l": "ACTIVITATS ARQUITECTONIQUES S.L.P",
  "olivares": "OLIVARES CONSULTORES INMOBILIARIOS SLU",
  "olivares consultores": "OLIVARES CONSULTORES INMOBILIARIOS SLU",
  "olivares consultores inmobiliarios": "OLIVARES CONSULTORES INMOBILIARIOS SLU",
  "olivares consultores inmobiliarios slu": "OLIVARES CONSULTORES INMOBILIARIOS SLU",
  "sem iberia": "SEM IBERIA INVESTMENTS S.L.",
  "sem iberia investments": "SEM IBERIA INVESTMENTS S.L.",
  "sem iberia investments s": "SEM IBERIA INVESTMENTS S.L.",
  "joaquín": "JOAQUÍN DE LOS RÍOS DEL CAMPO",
  "joaquín de": "JOAQUÍN DE LOS RÍOS DEL CAMPO",
  "joaquín de los": "JOAQUÍN DE LOS RÍOS DEL CAMPO",
  "joaquín de los ríos": "JOAQUÍN DE LOS RÍOS DEL CAMPO",
  "perica": "PERICA OBRAS Y SERVICIOS, SA",
  "perica obras": "PERICA OBRAS Y SERVICIOS, SA",
  "perica obras y": "PERICA OBRAS Y SERVICIOS, SA",
  "perica obras y servicios": "PERICA OBRAS Y SERVICIOS, SA",
  "venticlima": "VENTICLIMA SA",
  "venticlima sa": "VENTICLIMA SA",
  "inte ingenieros": "INTE INGENIEROS SLP",
  "inte ingenieros slp": "INTE INGENIEROS SLP",
  "i de": "I-DE REDES ELECTRICAS INTELIGENTES S.A.U",
  "i de redes": "I-DE REDES ELECTRICAS INTELIGENTES S.A.U",
  "i de redes electricas": "I-DE REDES ELECTRICAS INTELIGENTES S.A.U",
  "marlus": "MARLUS CAPITAL INVERSIONES SL",
  "marlus capital": "MARLUS CAPITAL INVERSIONES SL",
  "marlus capital inversiones": "MARLUS CAPITAL INVERSIONES SL",
  "marlus capital inversiones sl": "MARLUS CAPITAL INVERSIONES SL",
  "termagraf": "TERMAGRAF, CONTROL Y SERVICIOS TERMIGRÁF",
  "termagraf control": "TERMAGRAF, CONTROL Y SERVICIOS TERMIGRÁF",
  "termagraf control y": "TERMAGRAF, CONTROL Y SERVICIOS TERMIGRÁF",
  "termagraf control y servicios": "TERMAGRAF, CONTROL Y SERVICIOS TERMIGRÁF",
  "technogym": "TECHNOGYM TRADING, S.A",
  "technogym trading": "TECHNOGYM TRADING, S.A",
  "technogym trading s": "TECHNOGYM TRADING, S.A",
  "technogym trading s a": "TECHNOGYM TRADING, S.A",
  "maria cruz": "MARIA CRUZ NAVAS ALVAREZ",
  "maria cruz navas": "MARIA CRUZ NAVAS ALVAREZ",
  "maria cruz navas alvarez": "MARIA CRUZ NAVAS ALVAREZ",
  "maria isabel": "MARIA ISABEL NAVAS ALVAREZ",
  "maria isabel navas": "MARIA ISABEL NAVAS ALVAREZ",
  "maria isabel navas alvarez": "MARIA ISABEL NAVAS ALVAREZ",
  "maria jesus": "MARIA JESUS NAVAS ALVAREZ",
  "maria jesus navas": "MARIA JESUS NAVAS ALVAREZ",
  "maria jesus navas alvarez": "MARIA JESUS NAVAS ALVAREZ",
  "maria lina": "MARIA LINA NAVAS ALVAREZ",
  "maria lina navas": "MARIA LINA NAVAS ALVAREZ",
  "maria lina navas alvarez": "MARIA LINA NAVAS ALVAREZ",
  "maria rosa": "MARIA ROSA NAVAS ALVAREZ",
  "maria rosa navas": "MARIA ROSA NAVAS ALVAREZ",
  "maria rosa navas alvarez": "MARIA ROSA NAVAS ALVAREZ",
  "el canto": "EL CANTO DEL AGUILA S.L.",
  "el canto del": "EL CANTO DEL AGUILA S.L.",
  "el canto del aguila": "EL CANTO DEL AGUILA S.L."
}